{"epoch": 348, "train loss": 0.07477299015055287, "_timestamp": 1686798058.805793, "_runtime": 27414.421527147293, "_step": 418, "test loss": 0.07699906558923002, "best loss": 0.067498686143531}