{"epoch": 18, "train loss": 1.0476672300752603, "_timestamp": 1686769243.5843465, "_runtime": 1374.2625784873962, "_step": 22, "test loss": 1.6633268009941533, "best loss": 1.6633268009941533}