{"epoch": 0, "train loss": 3.338544980534967, "_timestamp": 1686767827.6916382, "_runtime": 102.44817233085632, "_step": 2, "test loss": 3.338544980534967, "best loss": 3.338544980534967, "_wandb": {"runtime": 127}}